name,n_steps,steps,description,ingredients,n_ingredients,
backyard style  barbecued ribs,10,in a medium saucepan combine all the ingredients for sauce#1  bring to a full rolling boil  reduce heat to medium low and simmer for 1 hour  stirring often rub the ribs with soy sauce  garlic  ginger  chili powder  pepper  salt and chopped cilantro  both sides ! wrap ribs in heavy duty foil let stand 1 hour preheat oven to 350 degrees place ribs in oven for 1 hour  turning once after 30 minutes 3 times during cooking the ribs open foil wrap and drizzle ribs with sauce#1 place all the ingredients for sauce#2 in a glass or plastic bowl  whisk well and set aside remove ribs from oven and place on serving platter offer both sauces at table to drizzle over ribs,this recipe is posted by request and was originaly from chef sam choys cookbook,pork spareribs soy sauce fresh garlic fresh ginger chili powder fresh coarse ground black pepper salt fresh cilantro leaves tomato sauce brown sugar yellow onion white vinegar honey a.1. original sauce liquid smoke cracked black pepper cumin dry mustard cinnamon sticks orange juice of mirin water,22
better than sex  strawberries,8,crush vanilla wafers into fine crumbs and line a square 8 x8 pan mix butter or margarine and sugar add beaten eggs spread the mixture over the wafer crumbs crush strawberries and spread over sugar  egg  and butter mixture cover strawberries with whipped cream sprinkle with chopped nuts chill 24 hours,simple but sexy. this was in my local newspapers food section. cook time reflects refrigeration time.  ive been asked several times if this should be baked.  just to clarify no it is not it is a refrigerator dessert. im not sure why it contains raw egg but most tiramisu recipes do too.,vanilla wafers butter powdered sugar eggs whipping cream strawberry walnuts,7
chicken lickin  good  pork chops,5,dredge pork chops in mixture of flour  salt  dry mustard and garlic powder brown in oil in a large skillet place browned pork chops in a crock pot add the can of soup  undiluted cover and cook on low for 6-8 hours,heres and old standby i enjoy from time to time. its from an old newspaper clipping i cut out years ago. very tasty.,lean pork chops flour salt dry mustard garlic powder oil chicken rice soup,7
cream  of cauliflower soup  vegan,10,heat the oil or margarine in a soup pot and add the onion and garlic saute over medium heat until the onion is golden  about 10 minutes add the cauliflower  potatoes  water  and seasonings there should be enough broth to cover all but about an inch of the veggies bring to a simmer  then simmer gently covered until the veggies are tender  about 25 minutes remove from the heat transfer the vegetables from the soup pot to a food processor or blender and puree in batches until smooth puree about half of the beans with each of the two batches of vegetables transfer the puree back into the soup pot  stirring it back into whatever liquid remained let the soup stand for 1-2 hours before serving  then heat through as needed ladle into soup bowls and garnish the tops with 2-3 garnishes,this is a dairy free,canola oil onion garlic cauliflower potatoes vegetable bouillon cubes water salt free herb and spice seasoning mix ground coriander great northern bean salt and pepper broccoli floret escarole green peas red bell pepper fresh herb,16
deep fried dessert thingys,20,in a large bowl  mix flour  granulated sugar  baking powder and salt make a well in the center of the flour mixture  and pour in milk  vanilla  egg and 2 tablespoons oil mix until smooth heat remaining vegetable oil to 400 degrees in a small deep fryer oil is hot enough when it starts to ripple be careful not to overheat butter one side of each bread slice sprinkle the brown sugar and cinnamon evenly onto the buttered side of the bread slices make sandwiches by placing the slices of bread together with the brown sugar on the inside cut the sandwiches into quarters now is a good time to test the oil by dropping in a very small amount of batter batter should sizzle and brown in about 20 seconds oil needs to be hot enough to melt the brown sugar inside the sandwiches but not so hot that it scorches the batter dip the sandwiches into the batter mixture using deep fryer tongs  carefully place the battered sandwiches into the heated oil be cautious when deep frying try to avoid burns from splattering hot oil remove sandwiches from the oil when they are golden brown set aside to cool for a couple of minutes sprinkle with powdered sugar and serve,my mother used to make this for us as a special treat. i dont know where she got this recipe or what it is called (hence the title). my husband loves this and encouraged me to submit it. this recipe is full of sugar and oil and is as unhealthy as a desert can be but very yummy.,all-purpose flour granulated sugar baking powder salt vanilla extract egg milk vegetable oil bread brown sugar ground cinnamon butter powdered sugar,13
forgotten  minestrone,5,in a slow cooker  combine the first nine ingredients cover and cook on low for 7-9 hours or until meat is tender add zucchini  cabbage  beans and macaroni cook on high 30-45 minutes more or until the vegetables are tender sprinkle individual servings with parmesan cheese,this recipe came from a,beef stew meat water tomatoes beef bouillon cube onion dried parsley salt ground thyme ground pepper zucchini cabbage garbanzo beans elbow macaroni parmesan cheese,14
global gourmet  taco casserole,11,heat oven to 375 degrees brown ground beef and onion over medium heat drain stir in tomato sauce  taco or other sauce  salt  pepper  tabasco  chiles  and cornmeal  adjusting forhot taste preference and desired thickness stir in more cornmeal  if desired stir in corn and olives transfer mixture to casserole dish cover and bake for 30 to 40 minutes  or until bubbly and heated through top with cheese immediately on removing from oven so cheese melts garnish with corn chips just before serving to keep them crisp serve with a cool fresh vegetable such as cucumber slices  avocado  or lettuce leaves  if desired,hey! i found this in a cookbook that recognizes different kinds of food from around the world. my brother made this in the 7th grade for food and consumer science (facs or home ec) as the meal made on his own. everyone loved it and i came across it the other day and decided to post it! this can be served with warm flour tortillas and additional toppings can be put on like guacamole chopped tomatoes or sour cream. it is your choice!,ground beef onion tomato sauce taco sauce salt pepper tabasco sauce hot chili pepper cornmeal whole kernel corn sliced ripe olives cheddar cheese,12
homemade  vegetable soup from a can,6,combine all ingredients in large pot bring to a boil and simmer for 3 minutes serve i use the tomatoes that come flavored with basil  oregano  and garlic you can substitute whatever vegetables you like if you dont want to use the zucchini  add a can of tomato sauce to give it some substance,my friend just made this for dinner the other night. when i found out it how easy it is to make i was shocked. trick the non-cooks in your life into thinking you slaved for them...,low sodium chicken broth diced tomatoes zucchini corn potatoes wax beans green beans carrots,8
i don t feel like cooking tonight  casserole,6,brown onion and meat in the oil  drain any excess moisture remove from heat and add both cans of soup and the veggies of your choice and stir salt and pepper to taste pour mixture into a greased 9x9 inch baking pan spoon the prepared cornbread mix over the top and spread even bake in a preheated 350 degree oven for 35-45 minutes  or until cornbread is done,this is a hearty and filling casserole for those nights when a long time in the kitchen is just out of the question. very tasty and easy to make my family requests it often. enjoy!,ground beef onion frozen vegetables cream of mushroom soup condensed cream of mushroom & garlic soup salt & pepper cooking oil cornbread mix,8
immoral  sandwich filling  loose meat,6,brown the meat & drain fat stir in sugar  mustard  beer  cayenne  garlic and salt & pepper to taste simmer until liquid has mostly cooked away lay slices of cheese over top of meat  then cover for about 5 minutes  with heat on very low  until cheese has melted stir cheese into meat serve hot  on sandwich buns or bread  or over hot potatoes or rice,just the thing for a day when youre wanton something delicious and a hamburger patty is just too restrictive. loosen up your inhibitions and pile some loose meat on a bun. wicked over hot whipped potatoes as well.,ground beef sugar prepared yellow mustard beer cayenne garlic salt & pepper american cheese,8
jeanne s style  birthday cake,25,to prepare base  cut shortening into dry ingredients  mix well pat firmly and evenly into an 8 inch square pan and bake at 350 deg f for 10-12 minutes cool for cake: cream shortening  and sugar add eggs and vanilla  beating well until fluffy sift flour  baking powder and salt together add to creamed mixture alternately with milk pour batter into a greased and floured 8 inch square pan bake at 350 deg f for 25 - 40 minutes frosting: in small saucepan  stir tog milk and flour cook  stirring constantly  until mixute is thickened and smooth cool on highest speed of mixer  beat cooled flour mixture with butter  shortening and vanilla until smooth and fluffy blend in icing sugar and salt continue beating until frosting is very fluffy this will take at least 15 minutes to assemble cake: place shortbread base on serving plate spread with small amount of frosting place cake on base cover top and sides of cake with remaining frosting if desired  garnish sides of cake with shaved semi-sweet chocolate,a bakery in winnipeg is famous for this special cake and ship it to all parts of canada. a recipe request column in the winnipeg free press printed this copycat recipe submitted by a reader. enjoy !,shortening icing sugar vanilla all-purpose flour baking powder sugar eggs salt milk butter,10
killer  lasagna,13,brown the sausage and ground meat and drain all the fat add all the other ingredients for the meat filling and simmer on the stove  uncovered  for about 1 / 2 hour i usually add a bay leaf or two mix up the cheese filling and set aside in fridge until ready to use put the noodles in salted water and cook until soft when poked with a fork when the noodles are done  drain the noodles and rinse off with cold water so they can be handled easily spray the baking pan with a non-stick spray and put a layer of noodles down on the bottom of the pan it is ok to cut some of the noodles to fit into the pan if they do not fit whole spread half the cheese filling over the noodels  then half of the mozarella cheese on top of that  then half of the meat sauce over the grated mozarella cheese repeat layers and then top with more mozarella cheese bake at 375 degrees for 30 minutes let stand for 10 minutes before cutting into it leftovers can be easily stored in the freezer,this was originally my moms recipe and used to be a favorite when we were kids. i always requested it for my birthday dinner.,italian sausage ground beef garlic dried basil salt whole tomato tomato paste ricotta cheese cottage cheese parmesan cheese parsley flakes eggs ground black pepper lasagna noodle mozzarella cheese,15
love is in the air  beef fondue   sauces,4,honey mustard sauce: whisk all the ingredients together serve warm or cold easy bbq sauce: combine all ingredients in a pot& cook over low heat until the sugar is dissolved serve warm or cold garlic dill sauce: mix all the ingredients and chill until ready to serve,i think a fondue is a very romantic casual dinner or wonderful for after the theatre snack served with a robust red wine. for dinner serve with rice & a small salad. almond rice pilaf is a great accompaniment (recipe posted separately ) to cook the meat you must first heat your oil - i do this by heating it to almost boiling on the stove and then transfering it to your fondue burner. buy good quality meat i recommend only using a fillet. have at least 3 sauces. if you want to serve 4-6 people just increase the meat to 2 lbs there will be enough sauce.these sauce recipes came from,beef steaks vegetable oil spicy mustard fresh lemon juice honey brown sugar ketchup hot sauce sour cream fresh garlic fresh parsley dried dill weed,12
mennonite  corn fritters,6,combine eggs  flour  baking powder  salt& pepper with the corn mix thoroughly add cream to mixture melt fat in frying pan& drop corn mixture by spoonfuls into the hot fat brown on both sides serve w / syrup,ok - my heritage has been revealed. :) these are simply wonderful. a favorite among our community theyre sure to bring a smile to your face. enjoy!,fresh corn eggs flour salt pepper baking powder cream fat,8
more  more    apple pear jigglers,6,in a food processor or blender  process the gelatin and milk for 30 seconds or until gelatin is disolved and mixture is smooth add the cream cheese and yogurt and process for 10 seconds add the fruits and blend until thoroughly pured spray an 8-inch square baking pan with nonstick spray pour gelatin mixture into pan and chill until firm once chilled  cut into squares or creative shapes using cookie cutters and serve,its a fun finger food for infants and toddlers that packs a little calcium and vitamin punch. try vegetarian cream cheese and soy yogurt for the lactose intolerant child or children not yet introduced to milk products. cook time is approximate chill time. servings are dependent on size of squares or shapes cut but we cut the pan into 5 rows and 5 columns yielding 25 squares.,unflavored gelatin milk cream cheese yogurt apple pear,6
never weep  whipped cream,4,whip all ingredients together until firm peaks form cover leftovers tightly  preferably in an air-tight plastic container this stays the same consistency until used it will keep for a week in the fridge without deflating,i dont know where i got this but it works. the whipped cream will keep for a week in the fridge without deflating... great for party make-ahead.,whipping cream vanilla instant pudding mix powdered sugar vanilla extract,4
one bowl  perfect pound cake,7,preheat oven to 325 degrees and grease and flour a tube or bundt pan combine all ingredients in a large bowl and blend at low speed beat 3 minutes at medium speed pour into prepared pan bake for 1 hour or until top springs back when touched lightly in center cool in pan for about 15 minutes then remove and cool completely on rack serve plain or glaze if you like,this is the perfect pound cake recipe...plus so easy to prepare and only one bowl to wash! this is a firm cake so if you are into cutting and shaping cakes this works well. i have used it for christening and communion cakes creating crosses etc and used buttercream frosting. i have also made it in a 9 x 13 cake pan...just adjust time accordingly. the addition of the yogurt really makes a difference in the taste.,all-purpose flour sugar salt baking soda lemon rind of vanilla butter yogurt eggs,9
pick me up  party chicken kabobs,5,combine all ingredients in a non-reactive bowl cover and refrigerate overnight place the chicken on skewers grill until tender serve warm,serve as an appetizer or party pick-up food.,boneless chicken breast garlic salt cumin paprika thyme olive oil lemon juice cayenne fresh ground pepper,10
real  italian bolognese sauce,16,in a dutch oven or medium size pot  heat butter and olive oil over medium heat until butter begins to froth add onion  celery  carrot  garlic  and bacon cook until onions are translucent remove bacon and remove fat chop lean portions of bacon in small pieces and return to pot add ground beef and ground pork  and cook until meat loses red  raw color raise heat and add wine and consomme cook sauce until wine and consomme are mostly evaporated turn heat down to simmer and add oregano  salt  pepper  sage  red pepper flakes  and nutmeg let cook for approximately 20 minutes add crushed tomatoes and bring heat to a boil once the mixture comes to a boil  return to simmer let sauce simmer partially covered for about 2 to 4 hours  stirring occasionally to prevent sticking about 5 to 10 minutes before serving  add milk sauce can now be added to cooked penne pasta  spaghetti or many other pastas to your liking remaining sauce may be frozen for up to two months for future use,after traveling throughout italy savoring the fine tastes of bolognese from the many different regions i decided to formulate my own. try it youll love it.,bacon onion celery carrot garlic butter olive oil lean ground beef ground pork beef consomme dry white wine crushed tomatoes salt black pepper rubbed sage oregano red pepper flakes nutmeg milk penne pasta,20
rise and shine  german fruit pancake,11,preheat oven to 450 degrees with an electric mixer or wire whisk  beat eggs until frothy whisk in flour stir in milk and salt melt butter in a 10-inch oven-proof skillet pour mixture into hot skillet and place in preheated oven bake 15 minutes or until pancake is puffed and golden the center will be shaped like a bowl remove from oven fill with fruit  dust with powdered sugar and sprinkle with almonds serve immediately,source: kbyus culinary creations with mary crafts,eggs flour milk salt butter powdered sugar apple pie filling toasted almonds,8
some like it hot,11,start with the topping  in a frying pan  dry fry the coconut and peanuts until golden brown  tossing it so it wont burn  remove from the pan and let cool mix together the soy sauce  cayenne  sambal  ginger  sugar  garlic and water  set aside  you will use this after you fried the tempeh in a wok or frying pan  heat the tablespoon of oil  fry the onion and garlic for one minute  add the coriander  cumin and if you use them the chili peppers  fry this for two minutes add the carrots  beans and tomatoes  fry until you see the tomatoes going soft  add the stock  bring to the boil and simmer for about 10 minutes heat the oil in a frying pan large enough to hold the tempeh strips in one layer fry the tempeh until golden  it will soak up the oil  this is normal lower the heat when you see them starting to color but fry for a few minutes more  add the soy mix  stir to coat and add to the vegetables  mix by now the tomatoes should have made a sauce and have dissolved taste to see if you want to add more sambal and / or sugar now add the bean sprouts  cook further until you see them go limp transfer to serving dish  sprinkle with 2 tablespoons of the coconut and peanut mixture  serve with rice and the remaining topping on the side,if you dont like it too hot leave out the chili peppers and sambal it will still be a spicy indonesian inspired dish.,onion garlic ground coriander ground cumin red chili pepper peanut oil carrots green beans tomatoes vegetable stock bean sprouts tempeh soy sauce ground cayenne pepper sambal oelek ginger brown sugar water desiccated coconut peanuts,20
steamed  chicken cutlets in packages,11,preheat oven to 450f rinse the chicken breasts  and either cut or pound the chicken to create cutlets of about equal size tear off squares of aluminum foil and place each chicken breast on a square slice the tomato and place a slice or two atop of each breast drizzle the chicken with the olive oil sprinkle the basil on top of the chicken breasts evenly add salt and pepper to each breast loosely fold up the foil over each cutlet  leaving both room for air space but folded up enough not to allow oil to drip out place all packages in a large baking dish and bake for 20 minutes serve while still packaged allow each diner to open his / her package at the table,this creates a great aroma when the packages are first opened at the table--the packages hold the flavors in the chicken. im a huge chicken fan and this is a very simple but tasty way to serve it.,boneless skinless chicken breast tomatoes dried basil olive oil lime juice salt and pepper,6
the best  banana bread  or muffins,10,cream together butter and sugar blend in eggs add bananas  water  soda  salt  and baking powder blend well stir in flour add nuts and / or chips  if desired pour into 4 greased / floured loaf pans or lined muffin tins bake at 350: loaves need 35-40 minutes  or until toothpick inserted in center comes out clean muffins need only 18-20 minutes with this recipe  i usually always make muffins to cut down bake time,okay another banana bread recipe...but maybe the other ones dont have at least one ingredient that this one does...my family loves the muffins from this recipe...especially when i make mini-muffins! (i usually halve the recipe!) makes 4 loaves or 60 muffins,butter sugar eggs bananas water baking soda salt baking powder flour nuts chocolate chips,11
the woiks  dilly burgers,8,in a bowl  mix together the ground beef  montreal steak seasoning  bacon crumbles and dill weed shape into four burgers brush or spray the onion slices with olive oil place the burgers and onion slices over medium hot coals grill for 8-12 minutes or until burgers are well done and onion is tender  turning once add cheese to each burger  one minute before cooking is complete place the burgers on toasted hamburger rolls top with lettuce  tomato and favourite condiments,,mccormicks montreal brand steak seasoning dill weed no-salt-added ketchup ground sirloin bacon american cheese iceberg lettuce tomatoes onion,9
turtle  squares,15,preheat oven to 350 degrees f spray a 13 x 9 baking pan evenly with non-stick cooking spray beat 1 cup brown sugar with 1 / 2 cup melted butter with an electric mixer on medium for 2-3 minutes add the flour mixture and mix until smooth press the flour mixture evenly and firmly into the prepared baking pan sprinkle the pecans evenly oven the flour mixture in the pan mix the 2 / 3 cup butter and 1 / 2 cup brown sugar in a saucepan and bring to a boil over a medium heat stir constantly while boiling for about 1 minute spread the boiling mixture evenly over the pecans bake for about 20 minutes cool melt the chocolate chips in the microwave  stirring ever 30 seconds or so until almost smooth remove the chocolate chips  stir thoroughly to smooth and spread evenly over the top of the squares chill for 15 minutes until the chocolate sets and then remove from fridge when squares have returned to room temperature cut into 36 squares,for lovers of pecans and chocolate...,flour brown sugar butter pecans semi-sweet chocolate chips,5
wait forever  pork chops,4,brown chops with a little salt and pepper in baking dish  put pork chops on the bottom  mix rest of ingredients and pour on top of chops bake at 300f degrees for 1 hour or 1 1 / 2 hours holdin warm oven until ready to serve  the longer the better !,these are so easy and the longer you ,pork loin chops applesauce brown sugar clove,4
1 brownies in the world    best ever,10,heat the oven to 350f and arrange the rack in the middle line an 8-by-8-inch glass baking dish with aluminum foil combine chocolate and butter in a medium saucepan and cook over medium-low heat  stirring frequently  until evenly melted remove from heat and let cool to room temperature combine eggs  sugar  cocoa powder  vanilla extract  espresso  and salt in a large bowl and briefly stir until just evenly incorporated add cooled chocolate and mix until uniform in color add flour and stir until just incorporated transfer batter to the prepared baking dish bake until a tester inserted in the center of the brownies comes out clean  about 25 to 30 minutes remove from the oven and cool completely before cutting,these are the most; chocolatey moist rich dense fudgy delicious brownies that youll ever make.....sereiously! theres no doubt that these will be your fav brownies ever for you can add things to them or make them plain.....either way theyre pure heaven!,bittersweet chocolate unsalted butter eggs granulated sugar unsweetened cocoa powder vanilla extract brewed espresso kosher salt all-purpose flour,9
1 in canada chocolate chip cookies,12,pre-heat oven the 350 degrees f in a mixing bowl  sift together the flours and baking powder set aside in another mixing bowl  blend together the sugars  margarine  and salt until light and fluffy add the eggs  water  and vanilla to the margarine / sugar mixture and mix together until well combined add in the flour mixture to the wet ingredients and blend until combined scrape down the sides of the bowl and add the chocolate chips mix until combined scrape down the sides to the bowl again using an ice cream scoop  scoop evenly rounded balls of dough and place of cookie sheet about 1 - 2 inches apart to allow for spreading during baking bake for 10 - 15 minutes or until golden brown on the outside and soft & chewy in the center serve hot and enjoy !,this is the recipe that we use at my school cafeteria for chocolate chip cookies. they must be the best chocolate chip cookies i have ever had! if you dont have margarine or dont like it then just use butter (softened) instead.,white sugar brown sugar salt margarine eggs vanilla water all-purpose flour whole wheat flour baking soda chocolate chips,11
millionaire pound cake,7,freheat the oven to 300 degrees grease a 10-inch tube pan with butter  dust the bottom and sides with flour  and set aside in a large mixing bowl  cream the butter and sugar with an electric mixer and add the eggs one at a time  beating after each addition alternately add the flour and milk  stirring till the batter is smooth add the two extracts and stir till well blended scrape the batter into the prepared pan and bake till a cake tester or knife blade inserted in the center comes out clean  about 1 1 / 2 hours cool the cake in the pan on a rack for 5 minutes  then turn it out on the rack to cool completely,why a millionaire pound cake?  because its super rich!  this scrumptious cake is the pride of an elderly belle from jackson mississippi.  the recipe comes from the glory of southern cooking by james villas.,butter sugar eggs all-purpose flour whole milk pure vanilla extract almond extract,7
100 chocolate cake,5,mix all cake ingredients till well blended bake in 2 greased round cake pans in 350f oven for 30 minutes cool  while cake cools completely mix filling and spread between cooled cake rounds and frost with grandmas fudge frosting must refrigerate if serve with pudding filling prep time does not include cooling time,the mayonnaise in this may sound strange but it it the secret ingredient that makes the cake so moist. i recommend not using miracle whip as it contains spices and flavorings that might alter the taste. they make great cupcakes too.,flour sugar baking soda cocoa powder salt mayonnaise water vanilla instant chocolate pudding mix cool whip milk,11
25 000 casserole,15,coat the meat with 1 / 2 c of flour and the paprika brown in vegetable oil transfer to a casserole dish add can of onions combine one can of the chicken soup and one can water pour over meat and onions bake at 350 for 45 minutes while the meat is baking-- combine 2 c flour  the baking powder  salt  poultry seasoning  celery seed  onion flakes and poppy seeds mix well  and add 1 / 4 c oil and 1 c milk drop tablespoons of dough into breadcrumbs which you have mixed with melted butter put dumplings on top of the meat increase heat to 425 and bake for another 20 minutes make sauce combine one can of cream of chicken soup and sour cream heat sauce and serve over meat and dumplings,this is a recipe that my mother got from some cooking contest in the 50s. it is delicious and filling on a cold night. we all loved it so much that we would call it the 25 billion dollar casserole! unfortunately my family isnt big on dumplings so i cant make this as often as i would like.,beef flour paprika onion cream of chicken soup baking powder salt poultry seasoning celery seed dry onion flakes poppy seed vegetable oil milk sour cream butter breadcrumbs,16
5 tacos,5,cook meat add taco seasoning place meat into taco shells / tortillas top with tomatoes  onions  lettuce  salsa and cheese boil corn cobs 5-7 minutes,costs about $5.00 to make.,ground beef taco seasoning taco shells lettuce tomatoes onion salsa cheddar cheese corn cobs,9
blepandekager   danish   apple pancakes,10,beat the eggs lightly and add the milk combine the flour  sugar and salt stir the flour mixture into the egg mixture  stirring in the cup of cream as you mix fry the apple slices in butter in a skillet preheat oven to 500 degree cover the bottom of an oven-proof baking dish  or heavy skillet  with apples pour the batter over slices and bake in a preheated 500 oven when nearly done  remove from oven and sprinkle here and there with a mixture of sugar and cinnamon to taste place dabs of butter on the pancake and return to oven until browned just before serving  sprinkle with lemon juice  and cut into triangles,this recipe has been posted here for play in zwt9 - scandinavia.  this recipe was found at website: mindspring.com - christians danish recipes.,eggs milk flour sugar salt cream apples butter cinnamon lemon juice of,10
rter med flsk   pea soup with pork,5,soak peas overnight  drain and add 3 quarts water bring to a boil and cook rapidly skim off any skins after cooking for an hour  add pork and simmer and simmer for 2 hours or until pork is tender add seasonings,a hearty and comforting soup from the minnesota scandinavian chapter of the united states regional cookbook culinary arts institute of chicago 1947.  overnight soaking not included in preparation time.,dried yellow peas water salt pork ginger,5
go to bbq sauce for ribs,3,mix all ingredients together heat on medium heat in a saucepan until bubbly turn down and keep warm until ready to mop onto your meat,this bbq sauce will stick to your ribs! you can also use it for chicken and pork heck just about any meat. if grilling put sauce on during the last few minutes so it doesn’t just burn on your grill. serve additional sauce on the side.,tomato ketchup dark brown sugar applesauce ponzu sauce maple syrup liquid smoke apple cider vinegar salt oregano granulated garlic cayenne,11
ant  kelly s london broil marinade,13,mix all marinade ingredients together lightly score meat in a diamond pattern on each side place meat in a resealable bag pour in marinade squish meat and marinade around to get all the nooks and crannies marinate in refrigerator 2-3 hours or up to 24 hours  rotating occasionally can be frozen in the marinade too 20-30 minutes before cooking take meat out of the refrigerator to come up in temperature cook in the broiler or on the grill on high heat for 5-7 minutes per side depending on thickness and desired doneness i have been asked about roasting temperatures  i have never done this  always grill or broil for camping - place the fresh london broil and marinade in a zipperbag  squeeze out as much air as possible  seal  place inside a vacuum pack bag vacuum pack and freeze put frozen in the camping cooler  after a day or two it is defrosted and can be cooked on the grill with minimal preparation and mess,"my niece shwana loves this!  she always writes my name ant kelly when we play rummy or scrabble - started when she was little and stuck.  
i always make this when we go tubing in wisconsin.  

prep time includes does not include time to marinate.",balsamic vinegar soy sauce worcestershire sauce olive oil garlic cloves rosemary fresh ground black pepper london broil beef,8
bar  cheese,8,in a large sauce pan over low heat  melt the velveeta add the jar of horseradish and mix allow this to heat on low for 15 minutes  stirring often add the mayo  worcestershire  and tabasco mix and allow to heat another 10 minutes  stirring often cool slightly and pour into 4 or 5 containers refrigerate serve on your choice of crackers,a friend shared this with me last year. i have made a batch a month since then. it is an adaptation of a famous restaurants signature cheese. everyone likes it. it makes a great present. it will keep for extended periods when refrigerated but mine has never lasted more than a week. enjoy.,velveeta cheese mayonnaise horseradish tabasco sauce worcestershire sauce,5
better than a baked potato  soup,13,peel potatoes and cut into large chunks put potatoes in soup pot along with onion  celery  and chicken broth if there is not enough broth to cover the veggies  add a little water cover  bring to a boil  and let simmer for approximately 20 minutes  until vegetables soften if you like thicker soup  drain off some of the liquid if you like thinner soup  leave it as is and proceed use a potato masher to mash up the spuds mash more or less depending on how creamy or chunky you like your soup add white pepper  salt  and liquid smoke to taste add sour cream and velveeta  heat and stir until cheese melts dip the soup into 4 bowls top each bowl with shredded cheddar cheese  chives  and bacon bits eat and smile :),this is my own concoction. i got my moms regular potato soup recipe and completely changed it to make this wonderful dish. right now its the middle of july and about 100 degrees out and my husband requested this for lunch - i guess its a soup for all seasons!,red potatoes onion celery chicken broth sour cream velveeta cheese white pepper salt liquid smoke cheddar cheese chives bacon,12
big easy   gumbo,11,heat oil in a large dutch oven over medium-high heat gradually whisk in flour and cook  whisking constantly  5 to 7 minutes or until flour is chocolate colored do not burn mixture reduce heat to medium stir in onion and next 4 ingredients and cook  stirring constantly  3 minutes gradually stir in chicken broth add chicken and next 2 ingredients increase heat to medium-high and bring to a boil reduce heat to low and simmer  stirring occasionally  20 minutes add shrimp and cook 5 minutes or just until shrimp turn pink serve over hot rice,from january 2011s issued of southern living.  this is an easier version of the original because it uses pre-cooked chicken and canned broth.  dont forget...heat your oil good before adding the flour for a flavorful and fast roux.  good for oamc too.,vegetable oil all-purpose flour onion green bell pepper celery creole seasoning garlic cloves low sodium chicken broth cooked chicken andouille sausage frozen black-eyed peas large raw shrimp,12
california roll   salad,8,prepare rice according to directions pour rice into medium bowl and toss with 1 tbsp vinegar set aside thinly slice cucumber and avacado break up crabmeat into chunks mix lettuce leaves with seasoned rice  cucumber  avocado slices and crabmeat in separate cup  mix together soy sauce and remaining 2 tbl of seasoned rice vinegar drizzle this dressing over salad  and add pickled ginger on top of salad,this is a great light salad that can be your main meal or a side dish.  if you like the sushi taste minus the raw fish this one is for you!  it is very easy to throw together.  you can buy pickled ginger at supermarkets in little bowls usually by where they sell packaged sushi.,white rice seasoned rice vinegar lettuce cucumber avocado imitation crabmeat soy sauce pickled ginger,8
cheeseburger  meatloaf for lactose intolerant cheese,10,preheat oven to 350f thaw meat in advance and place in a large mixing bowl stir in bread crumbs  sage  coriander  adobo  oregano  pepper and salt use hands to mix in eggs  ketchup  soy sauce  soy cheese and red onion divide mixture in half and form into 2 loaves place loaves side by side in a medium sized lasagna pan use fingers to open the top of the loaves and sprinkle in the garlic and add 1 / 2 a tbs of olive oil to each loaf and squeeze closed close loaves with hands and top with ketchup if desired cook at 350 for 1 hour let stand 5-10 minutes and serve warm ! enjoy !,this is a recipe that my father-in-law adapted to meet the needs of my cheese loving lactose intolerant hubby. when we had it at his parents i thought it was made with real cheese! that is how good it is! i just winged the recipe to recreate it and it is delicious! i still cant believe that it isnt real cheese!,lean ground beef veggie shreds cheese italian seasoned breadcrumbs eggs low sodium soy sauce ground sage ground coriander oregano fresh garlic cloves red onion fresh ground pepper adobo seasoning ketchup sea salt olive oil,15
chicken fried   fish fingers,13,put fish into a medium sized bowl cover with buttermilk chill for at least 2 hours mix together flour  seasoning salt  and pepper in a large bowl coat each piece of fish in flour mixture set aside in remaining buttermilk  add egg  mixing well coat floured fish in buttermilk / egg mix repeat step 4 heat oil till hot but not smoking in a large skillet add fish six pieces at a time do not crowd fish cook until fish is golden brown and flakes easily,i know fish is good for you but i’m one of those people that dont care for the fishy taste that some fish seem to have. my so convinced me to try different types of mild fish so i decided to try orange roughy and used my fried chicken recipe. this recipe is the great result. actual prep time is 2 hours 10 minutes (2 hours chill 10 minutes actual prep).  if you try this be careful turning as some of the coating might flake off but it still just as good.  submitted on april 25th2006,orange roughy buttermilk egg self-rising flour seasoning salt ground black pepper canola oil,7
cream   of pumpkin or squash soup  vegan,9,place all ingredients except for banana  apple and paprika  in a stock pot cover  cook on low-medium heat until vegetables are soft  about 20 minutes add banana  apple and paprika last 5 minutes of cooking heat through once heated  puree soup if desired just before serving  season soup with salt to taste garnish with cilantro leaves and pumpkin seeds or  if you wish  garnish each serving with a swirl of pesto made with pumpkin seeds ,the creaminess comes from cashew butter (and banana too!) from flutternutbutters.com.-slightly altered. so wonderful on a blustery autumn day!,pumpkin puree vegetable broth small red potato green bell pepper celery red onion smooth cashew butter banana apple salt ground red pepper fresh cilantro leaves pumpkin seeds pesto sauce,14
creamy  chicken curry,12,slice the chicken and place in a bowl peel and crush the garlic  mix with the soya yogurt and turmeric and pour over the chicken cover and leave to marinate in the fridge for at least 4 hours or overnight if possible peel and slice the onions and place in a pan with the stock cover the pan  bring to the boil and cook for 10 minutes reduce the heat  uncover and cook gently for 20 minutes until the onions are tender and golden finely chop ginger and crush coriander seeds add all the spices to the pan and cook for 3-4 minutes then add the chicken and soya yogurt marinade cover and simmer very gently over a low heat for 15 minutes until the chicken is cooked season with salt and pepper serve immediately with freshly chopped coriander,i found this recipe in the new slimming world curry collection cookery leaflet but adapted it to kosher cooking using a soya yogurt.  the family lapped it up and you can prepare it before work and leave it in the fridge then add the ingredients for a quick and tasty supper.  serve with rice or jacket potatoes.,boneless skinless chicken breasts garlic cloves soy yogurt turmeric onions chicken stock cardamom pods cinnamon stick black peppercorns cloves coriander seed fresh ginger ground cumin chili powder salt & freshly ground black pepper fresh coriander,16
don t bother with the canned stuff    sloppy joes,7,brown beef til no longer pink strain away any fat and return meat to pan add steak seasoning  onion and pepper cover and cook about 5 minutes til veggies are tender add remaining ingredients simmer about 20 minutes till mixture thickens serve on hamburger buns or rolls -- enjoy !,simple weeknight meal that my family really likes. i used to make the canned stuff (and was happy with it for a no fuss dinner) but now that ive come up with this recipe that i put together from reading all different ones ill never go back to that again. this is just as easy and tastes way better.,lean ground beef steak seasoning onion bell pepper tomato sauce ketchup white vinegar brown sugar worcestershire sauce garlic powder ground mustard hamburger buns,12
even i like these  bran muffins,13,preheat oven to 375c beat eggs  add sugar  oil  milk and molasses mix thoroughly in another bowl  add all flour  baking powder  baking soda  salt and bran together mix thoroughly add raisins  sesame seeds  and sunflower seeds to the dry mix mix again add dry ingredients to wet ingredients mix well mixture will appear quite wet  but will thicken up quickly line muffin pan with muffin cups fill 3 / 4 full bake for 14-15 minutes,i got this recipe from my mom in law. i am not a big fan of bran muffins but these are something different. crunchy moist and yummy!,eggs brown sugar oil milk molasses flour baking powder baking soda salt natural bran raisins sesame seeds sunflower seeds,13
fire  sauce,8,combine the tomato paste and water in a saucepan whisk until smooth add the remaining ingredients to the tomato mixture heat over medium / high heat until it begins to boil continue to cook  stirring often  for 4 to 5 minutes remove from heat when sauce has cooled  pour into a glass airtight container and refrigerate stores well in the refrigerator,i cant seem to make enough of this sauce--and i triple the recipe every time. my family uses it on eggs hash browns tacos and burritos (of course). so if you like this type of thing this is the sauce for you!,tomato paste water vinegar canned jalapeno slices chili powder dried onion flakes salt cornstarch cayenne pepper sugar onion powder garlic powder,12
fried  cauliflower,9,in a shallow medium bowl  beat egg lightly place bread crumbs in a plastic or paper bag dip cauliflower into egg to coat place florets in bag with crumbs seal or close bag and shake well in 10 inch non-stick skillet  heat oil add coated cauliflower and saute until browned on all sides season with salt and pepper if desired and if desired garnish with parsley sprigs,for the diet conscious this dish has 136 calories per serving,egg plain breadcrumbs cauliflower florets vegetable oil salt pepper parsley sprig,7
glazed  meatloaf,5,preheat oven to 375 degrees in large bowl  mix first 5 ingredients together place mixture into a 13x9-inch pan and form into a loaf cover the loaf with a thin layer of ketchup and sprinkle desired amount of brown sugar on top of ketchup bake the loaf at 375 degrees for one hour,this is a very simple way to liven up your everyday meatloaf - my kids especially enjoy it!! i dont use measurements for this recipe so some adjustments may need to be made.,ground beef eggs ketchup seasoned bread crumbs lipton onion soup mix brown sugar,6
hawaiian  chicken salad appetizer,5,combine ingredients except for the bread chill in refrigerator when ready to serve  cut the top part of the hawaiian king bread off leaving a hallow space to put in the chicken salad cut up the bread into chunks use the bread to dip into the chicken salad,this is a wonderful chicken salad. my family calls it hawaiian chicken only because it is served in the hawaiian king bread bowl.,sour cream knorr vegetable soup mix green onion water chestnuts hellmanns mayonnaise hawaiian bread,6
honey  i m peanuts about you   cake,39,cooks preheat the oven to 350 degrees f grease 2 round cake pans as the oven preheats  begin to make the cake batter dissolve the cocoa into the espresso stir the buttermilk into the cocoa mixture and set aside to cool whisk together the flour  baking soda and salt in another bowl  beat the butter with an electric mixer at medium speed for about 6 minutes  while gradually adding the sugar the butter mixture should be light and fluffy slowly add the eggs and vanilla to the butter  while continuing to beat be sure to scrape down the sides of the bowl as you go  so all the ingredients get incorporated fold the flour and cocoa mixtures into the butter mixture with a rubber spatula  alternating from flour to cocoa in the following order: 1 / 3 flour mixture 1 / 2 cocoa mixture 1 / 3 flour mixture 1 / 2 cocoa mixture 1 / 3 flour mixture do not overmix ! pour half of the finished batter into each of the cake pans and level the tops with the spatula bake for 30-40 minutes in the center of the oven  rotating halfway through check with a wooden toothpick for doneness cool for at least 15 minutes before inverting onto a baking rack to cool completely make the buttercream: with an electric mixer beat the peanut butter and butter in a large bowl until creamy add the powdered sugar and beat until spreadable with a serrated knife halve the two layers making 4 place 1 cake layer top down on the rack and spread 1 / 3 of the buttercream to the edges of the layer top the first cake layer with another and repeat with the buttercream continue layering with the remaining layers and buttercream  ending with cake refrigerate covered in plastic wrap for at least 3 hours and up to overnight remove the cake from the refrigerator and carefully transfer to a wire rack over a sheet pan to make the ganache  chop the butter and scatter it into the chocolate pieces in a large bowl heat the cream and corn syrup in a saucepan over moderate heat as soon as the cream mixture begins to boil  pour it over the chocolate mixture and begin stirring vigorously when the chocolate has melted and is combined thoroughly with the cream  stir in the vanilla quickly begin pouring the ganache over the top of the cake  allowing it to flow down and cover the sides pack the chopped peanuts onto the ganache to cover the sides of the cake  leaving the chocolate on top exposed store in the refrigerator serving suggestions: i like to reserve a little of the buttercream and a handful of whole honey roasted peanuts to decorate the top of the cake try using a star then  set peanuts into the buttercream border to form an interesting design,i saw this recipe showdown cake recipe and had to try it.  dh was like wow! you have got to try it!  i told him that i had already had enough of it.  i had to give this away so i wouldnt eat more. lol!  this recipe makes a good size cake so you dont need big pieces. this is a chocolate peanut butter lovers dream! :d,unsweetened cocoa espresso buttermilk unbleached all-purpose flour baking soda salt unsalted butter sugar extra-large eggs pure vanilla extract creamy peanut butter powdered sugar semisweet chocolate heavy cream light corn syrup honey roasted peanuts,16
i thought i had nothing to eat  rice,5,boil water  take off heat and add tea bag let steep add rice and all other ingredients except butter  bring back to a boil reduce heat  cover and simmer for 20 minutes remove from heat  stir in butter until completely melted,i have no money so i had to make something to eat out of what i had hanging around (not much). this is what i ended up with!! i had to eat it by itself but i think it would be good with a juicy steak or some grilled marinated portabello mushrooms. the flavor of the rice depends on the tea; im thinking about making some rice with lemon tea and black pepper basil dill and red pepper to have with some fish. i used 1/4 teaspoon as a standard measurement for all the spices they are meant to be to taste.,water white rice tea bag seasoning salt black pepper dried basil chili powder garlic powder cayenne pepper soy sauce lemon juice butter,12
jamaican me hungry  chicken bake,10,for the rub  combine all ingredients in a ziploc bag reserve 2 tsp for topping place chicken into ziploc bag and rub mixture into chicken let sit in fridge for at least 1 hour or overnight for topping  saut garlic  peppers  and onion in olive oil until tender add remaining ingredients and cook until slightly thickened to bake  place seasoned chicken in a 9x13 baking pan divide topping equally on top of each breast bake 30-45 minutes or until chicken is cooked through eagerly anticipate your meal as the aroma wafts through your house !,"as this bakes your house will be filled with the most delicious aroma! dont let the long list of ingredients scare you this dish is worth it :)
created for rsc 2006.",boneless skinless chicken breasts onion flakes thyme allspice pepper chili powder cayenne ginger nutmeg sage brown sugar chives clove cinnamon olive oil garlic clove onion red peppers habanero pepper rum crushed tomatoes lime juice jamaican jerk spice,23
joe s  peppermint cookies n cream brownies,14,preheat oven to 350f line a 913-inch baking pan with aluminum foil  and grease lightly in a medium-large saucepan over low heat  melt together butter and chocolate  stirring occasionally stir in sugar  salt and vanilla & peppermint extracts remove from heat whisk in eggs one at a time  waiting until each is fully incorporated before adding the next stir in flour and cocoa powder until mixture is uniform stir in crushed cookies spread batter into prepared pan if desired  crush 3-4 additional cookies finely and scatter on top of batter you can also crush 1 candy-cane and sprinkle it on top it will melt slightly but still be pretty and festive bake for about 35 minutes  until a toothpick inserted into the center comes out with moist crumbs  but not coated with batter cool brownies in pan on wire rack for 20 minutes  then lift brownies in the foil out of the pan and place on a wire rack to cool completely before slicing,tired of eating candy-cane joe-joe cookies straight out of the box?  try them in this recipe!  (note:  this year ive also seen peppermint oreos so you could use those if you dont have a trader joes near you).  these delicious fudge-y brownies are made with the popular candy-cane chocolate wafer cookie available at trader joes during the holidays.  make these early in the day as they slice best when cooled completely.,butter unsweetened chocolate sugar salt vanilla extract peppermint extract eggs all-purpose flour unsweetened cocoa powder peppermint oreos candy cane,11
kicked up  oven baked pork baby back ribs,10,set oven to 425f line a baking sheet with foil  then arrange the ribs in a single layer season with season salt and pepper bake for about 25 minutes turn the ribs over and bake for another 15 minutes or until browned meanwhile in a bowl combine ketchup  hoisin  lemon juice  garlic  louisiana hot sauce  habanero chili hot sauce  cinnamon  allspice and seasoned salt mix well to combine baste the ribs with about half the sauce cook for another 10 minutes more turn over and baste with the remaining sauce and continue to bake for another 15 minutes or until the ribs are thoroughly cooked through,if you like heat then you will love these ribs! for level 1 heat; use 1 tablespoon habanero hot sauce...for level 2; use 2 tablespoons... and for level 3; use 3 tablespoons. habanero chili hot sauce can be found in any mexican section of your grocery store since my family loves extreme heat i use it in many recipes. this recipe can be doubled.,pork baby back ribs seasoning salt pepper ketchup hoisin sauce lemon juice sugar fresh garlic louisiana hot sauce habanero sauce cinnamon allspice,12
leftover  lo mein for two,2,combine everything but pasta on stove top and heat until bubbling add pasta and serve,nice dish made of left overs!,cooked pasta carrots peas egg cooked chicken soy sauce chicken broth,7
little bear s  seafood soup,12,saute onion and garlic in olive oil over medium heat until onion is almost tender sprinkle in 2 tablespoons old bay seasoning and stir constantly for about 30 seconds add in chicken stock  red wine vinegar  oregano  parsley  and tabasco bring to almost boiling over medium heat while this is heating  lay out frozen seafood mix  shrimp  and catfish on a cutting board sprinkle with the juice from one lemon then sprinkle with remaining one tablespoon old bay seasoning and black pepper let this stand while mixture is heating when liquid is almost boiling add in the seafood mix  rice  tomato soup  canned tomatoes and okra be sure to add all liquid from both the tomatoes and okra lastly  add in the gumbo fil simmer for 30 minutes  stirring occasionally,"this is a creation for my 4 year old  boy hunter inspired by his favorite tv show little bear. 

you could use any fish in this recipe but catfish seems to have the best texture when cooked and holds together better than more flaky fish. 

it may seem like a lot of work but really does go together easily and even the kids like it! its a bit of a cross between a soup a stew and a gumbo with a slight tomato base and a bit of spice. 

the measurements are not very exact just do what seems right and adjust to taste.",olive oil red onions garlic cloves old bay seasoning chicken stock red wine vinegar oregano parsley tabasco sauce seafood small shrimp catfish nuggets lemon black pepper brown rice mexican-style stewed tomatoes with jalapeno peppers tomato soup okra gumbo file,19
man  rice krispies treats,4,over low heat  carefully melt butter add marshmallows and stir until just melted remove from heat  stir in cereal and spread into a 10 5 x 15 inch pan that has been buttered or sprayed,the man of the house loves rice crispie treats but he always complains that i dont make thick enough or enough of them. so i have increased the original recipe to an amount that actually lasts more than 1 day !!these are soft & chewy and will stay that way if you keep them tightly covered like in tupperware.,marshmallows butter rice krispies,3
more lish ous  cornbread,6,preheat oven to 425f in a mixing bowl  beat the eggs  mayo  buttermilk and oil until smooth combine the cornmeal  sugar  baking powder and salt add to the egg mixture and beat until just combined pour into a large greased cast iron skillet or greased round baking dish bake at 425f for 25-30 minutes or until a toothpick inserted into the center comes out clean,when asked how he like the cornbread my best friends hubby smiled big and said its more-lishous  well the name stuck and now thats what i call it.  hope you enjoy as much as we do!  sugar can be adjusted from 1/2 to 3/4 cup of sugar..my family likes sweet cornbread.,eggs mayonnaise buttermilk vegetable oil yellow cornmeal sugar baking powder salt,8
no harm eggplant parm  ww,15,preheat oven to 375 slice ends off of eggplant  and cut it lengthwise into 1 / 2-inch strips use a paper towel to blot eggplant slices on both sides spray a large baking pan with nonstick spray season crumbs with garlic powder  salt  pepper and  if you like  additional seasonings coat eggplant slices on both sides -- first with egg whites  and then with fiber one crumbs place slices flat on the baking pan  and cook in the oven for 30 minutes then  flip slices over and bake until browned on both sides remove pan from oven  but leave oven on spread 1 / 4 cup of sauce over the bottom of an 8x8-inch baking dish sprayed lightly with nonstick spray arrange half of the baked eggplant slices evenly over the sauce continue to layer ingredients evenly in this order: sauce  mozzarella and parm topping  sauce  eggplant  sauce  and cheeses cover dish with foil and return to the oven bake for 25 minutes  or until heated throughout allow to cool slightly  and then cut into quarters,this is from the hungry girl newsletter. i havent tried it but it looks decent. it serves 4 and has 3 ww points per serving.,eggplant egg white fiber one cereal italian-style tomato sauce fat free mozzarella cheese reduced-fat parmesan cheese garlic powder salt pepper dried basil,10
not  lasagna,12,preheat oven to 350f spray an 8-inch glass baking dish with non-stick spray measure 1 / 2 cup spaghetti sauce from jar and spread evenly on bottom of dish brown ground beef in a skillet over medium heat drain and return to skillet add remaining spaghetti sauce  italian seasoning and garlic salt simmer for 5 minutes layer half of ravioli on the sauce in the dish spread half of the beef mixture over the ravioli and top with 1 cup of the mozzarella cheese repeat layers one more time  ending with cheese bake for 1 hour allow to stand for 5 minutes before serving,this recipe from karin calloway of the augusta chronicle eliminates many of the steps in creating traditional lasagna.  instead of the cheese mixture and noodles you use cheese ravioli.  you layer the ravioli with meat sauce and mozzarella cheese and bake.  voila! --  its not lasagna; and it is delicious and perfect for a weeknight supper.,lean ground beef spaghetti sauce italian seasoning garlic salt cheese ravioli mozzarella cheese,6
pass me another   hot clam dip,3,mix together and bake until cheese melts best when served warm with assorted crackers can be used chilled as a spread,this recipe is from an appetizer book that i inherited from my mother. it was published in 1952 and i have fond memories of this dip as a child.,sharp cheddar cheese green onions green bell peppers paprika worcestershire sauce tabasco sauce minced clams,7
pizza pan  potato skins,10,preheat oven to 375f cook the diced bacon until crispy  remove from bacon fat and drain on paper towel forget everything you were ever taught about peeling potatoes  and peel them with a knife leaving a good bit of potato on the skin retain center of potatoes for another recipe  or slice them into wedges and cook in the same manner as the potato skins deep fry the potato skins until crispy and golden drain thoroughly and salt to taste spread the potato skins evenly on a pizza pan sprinkle evenly with the green onions  cheese and bacon bake for 10-15 minutes until hot and cheddar is melted serve hot with sour cream for dipping,theres a pub we go to that makes their own french fries and instead of throwing out the skins they fry them up and bake them with toppings in a pizza pan. they bring them sizzling to your table in the pizza pan with sour cream for dipping. dare i say that they are better than the french fries? not a low calorie item but so good. this is my attempt to duplicate them.,potatoes bacon cheddar cheese green onions oil salt sour cream,7
quick and healthy picker uppers apple treats,15,cut apples into small slices  (about 8 slices to an apple not minuscule as they will mush when cooked shred baby carrots into a bowl in a bowl  mix sugar  cardamon  and cinnamon  whisk together unroll crescent rolls onto a slightly floured surface or silpat and separate into 8 triangles  brush dough with melted butter divide apples evenly over dough sprinkle carrot shreddings over apples drizzle 2 tsp honey over apple / carrot mixture sprinkle cinnamon / cardamon / sugar mixture over apples and carrots roll from fat side to narrow side encompassing apple / carrot mixture place on nonstick cookie sheet cook for 20 min at 350f remove from oven and let cool drizzle remaining honey over rolls enjoy ! check turnovers after 15 minutes,"for a very quick pick me up that is healthy and sweet. this can be transported easy for lunches breakfast and even used as a dessert for dinner with a side of ice cream. this recipe took no time at all and was ready for the table taste testing within 30 minutes. the remainders were used for breakfast in the car the next day. you can adjust the sugars to your liking. these picker uppers are not overly sweet from sugar yet you can taste the sweetness in each bite from the apples and carrots. enjoy
 ****** a huge thank you to kittencal for her crescent roll recipe.       *******a special note to those that mentioned the honey directions missing in the recipe.
 rsc# 13. thank you!!",baby carrots honey ground cinnamon crescent roll dough cardamom apples sugar butter,8
red river shoot out   pigskins,5,in a 4-cup glass measure  stir together chili sauce  honey and mustard microwave on high for 3 minutes stirring after every minute add little smokies   microwave on high for 2 minutes or until heated through keep warm,i love little smokies and found this recipe in the burleson honey texas state fair website. the recipe is in honor of the famous rival football game that takes place each year between the oklahoma sooners and the texas longhorns known as the red river shoot-out.,chili sauce honey country-style dijon mustard little smokies sausages,4
sangria  fruit cups  non alcoholic,8,bring orange juice to a boil add to jelly powders in a medium bowl stir at least 2 minutes until jelly is completely dissolved add cold water spoon fruit into 12 clear cups and pour jelly mixture over fruit refrigerate at least 4 hours or until set top with whipped topping just before serving store leftovers in refrigerator,a wonderful light dessert recipe from the people at kraft canada and adapted by me to be feed a few more.  very tasty.  (cooking time is refrigeration time),orange juice strawberry gelatin peach gelatin lemon gelatin cold water strawberries nectarines grapes cool whip,9
seva   bean   vegetable stew,11,cook onions& garlic with ghee on low heat when onions golden  add carrots and shortly after potatoes after 2 minutes add beans do not rinse beans add beanjuice as well cover veges with water plus a little bit add curry / garam masala bring to a boil simmer for 20 minutes or until veqes are done salt  pepper and spice to taste if needed  add corn starch to thicken,a hearty flavorful exotic bean and vegetable stew.,ghee kidney beans onion garlic clove carrot potatoes garam masala curry powder tabasco sauce salt and pepper water,11
skordy  new potatoes w rosemary lemon   olive oi,14,preheat oven to gas mark 8 cut your potatoes into 1 inch chunks toss in a bowl the potatoes in the oil with the rosemary and lemon juice and lemon zest and garlic chuck the lot onto a baking tray not forgetting to scrape herbs and oil from the bowl bake for twenty minutes while listening to funky tunes and enjoying the yumminess that is to come check that potatoes are firm yet give with a fork squish them a little bit with a fork and put back in oven for another 10 minutes on gas mark 3 listen to more tunes serve with a squirt of fresh lemon and with greek or curry or vegan stuff or just eat out of pan i suggest tatskiki you can pulverize this into a dip using more olive oil and lemon juice or eat it chunky i like chunks i reckon this would make an ace potato salad base i absolutely hate mayonnaise  so theres no chance of me making that ever ! however youre welcome to try--ill let you,i took this recipe from a vegan tastes of greece for a  recipe called skordalia which seemed like a dip.  i wanted this flavour without dip so i changed it a bit;  hence skordy.  i listened to penulum while making greek treats which was rather funky do try!,new potatoes lemon juice of lemon zest of rosemary olive oil garlic cloves,6
splenda   d  cheesecake sugar free low carb,27,grahm cracker crumb crust: mix together: crumbs  splenda  spices  and almonds stir in butter  mix well press into bottom and slightly up sides of 10 inch spring form pan set aside filling: first beat heavy whipping cream until it starts to look frothy  then add cup splenda and 1 teaspoons vanilla extract continue beating until firm peaks form set aside filling: preheat oven to 350f in a separate bowl  thoroughly beat remaining filling ingredients with a mixer  for about 5 minutes scraping down the sides occasionally take half of whipped cream mixture and fold into filling set aside other half of whipped cream mixture pour filling into prepared pan bake at 350f for 35 - 40 minute remove from oven and let cool for 5- 10 minute reset oven to 475f while cheesecake is cooling prepare topping topping: mix together topping ingredients and pour over cake return cheesecake to oven and bake at 475f for 8 - 12 minute cool  and chill cake for at least 4 hours before serving just before serving decorate with remaining whipped cream and fruit of your choice i prefer blackberries enjoy !,"this is my own recipe for a yummy creamy thick cheesecake; that is easy to make and sure to  dazzle anyone.
i prefer to serve it topped with blackberries but you can use any fruit of your choice… i bet kiwi with lime would be good too mmmm mabe ill go make another.
to be completely honest i opt not to dig out my spring form pan and cheat by buying ready made crust from the store. although i have included ingredients and instructions for a crust for those who are looking for a completely home made cake. however if you are as lazy as i am and go with the ready made crust … tip: keep that aluminum edge (that keeps the clear plastic lid on) folded up making an extra lip. it will help hold more cheesecake and keep it from overflowing. this is a nice thick cheesecake! 
this cheesecake is made in three parts 1. crust 2. filling (note: filling is made in two stages whipped cream and filling) and 3. topping (note: this topping is not the fruit topping but the top layer of the cheesecake).",graham cracker crumbs splenda granular cinnamon nutmeg slivered almonds butter heavy whipping cream vanilla extract cream cheese eggs cornstarch lemon juice sour cream,13
tastes like mounds bar    kahlua cake,33,preheat over to 350f put all ingredients for the cake in a bowl mix on low for 1 minute to combine scrape bowl mix on medium high for a full 3 minutes to make it light and fluffy spray an angel tube pan or bundt pan with bakers spray pour batter in pan and bake for 45 to 50 minutes until done let cool in pan and then turn out onto you serving platter while cake is cooling  make topping and frosting put chopped chocolate in heatproof bowl heat cream in a saucepan on medium high until it starts to boil as soon as it starts to bubble  pull it off the heat and pour the hot cream over the chocolate stir immediately with a whisk to incorporate the cream into the chocolate stir until completely melted let it cool when it gets to spreading consistency you want to coat your cake for the topping  combine sugar  cornstarch and salt to a heavy saucepan add the coconut milk and cream of coconut heat on medium heat and stir until smooth and starts to boil stir until it thickens  about 5 - 7 minutes keep stirring so that it does not stick to pan take the pan off the heat and pour the mixture into a larger bowl and add shredded coconut stir to combine let this cool completely take about a half cup of the topping and stuff it into the middle of the cake fill it to the rim and flatten off with a table knife then frost cake  the frosting will be smooth and runny so the technique here is to place a dollop of frosting on the top of cake  coax it over to the side with knife so it starts to run down the side spread smoothly along the side of cake take cake and put it in the refrigerator until the frosting firms up just like the candy bar this will take about 30 minutes or so after that  take cake out of refrigerator and you are going to mound the remaining half of your coconut topping on the top of the cake place back in the refrigerator for about 30 to an hour i know that this sounds like a lot of work  but this cake is truly decadent !,this was made by a friend of mine who is in a recipe club and everyone loved it!!  if you like mounds bar candy you will love this cake!!  read all of the recipe before you start it does take a while to make but oh my god its worth it!!,devils food cake mix instant chocolate pudding mix vegetable oil kahlua water eggs bittersweet chocolate whipping cream sugar cornstarch salt coconut milk coco lopez shredded coconut,14
the u of l game day dip,3,fry sausage in skillet then drain cut cream cheese in cubes and put in crock pot then add all other ingredients and let set and get warm,i went to my friends to watch the u of l game and they had this dip. now i make it for every party and everyone wants to know what is in it and how to make it. this ia a big crock pot size.,cream cheese diced tomatoes with green chilies diced green chilies sausage,4
thicker than pea soup  pea soup,3,throw all the ingredients into a large pot  bring to a boil  then simmer for about 2 hours  or until the peas have completely softened make sure you stir this frequently as it will have a tendency to stick to the pot add more water if gets too thick,i love soup and this soup is easily a meal in of itself.  its also a testament to the fact that meat does not need to be added to everything to make it taste great.  the beauty of this recipe is its simplicity and it tastes delicious.  it is great with some fresh white bread for dipping.,split peas water carrots onions potatoes turnips salt pepper,8
white  sangria,3,pour wine  vodka  schnapps and peach coulis in a pitcher with the slices of fruits 12 hours before serving the sangria keep in the fridge just before serving  add ice  fruit juices and complete with lemonade,another sangria but from the calabash bar in lagos nigeria.  taken in a book.  (i dont know how many servings it is.  maybe 2),dry white wine lemon-flavored vodka peach schnapps peach puree apple lime lemon peach lemon juice lime juice lemonade,11
you bring the macaroni salad   macaroni salad,9,honestly  i never measure exactly  also  use as much or as little cheese as you would like cook macaroni according to directions when draining  run cold water over to keep it from sticking together and to chill it mix mayonnaise  miracle whip  onion  pickle juice and sugar together to make sauce  after macaroni is completely drained  mix macaroni  sauce  eggs and cheese until everything is coated and mixed well the longer it chills  the better it gets !,whenever we go somewhere for a back yard bbq i am asked to bring my macaroni salad. i think the secret that makes this macaroni salad different from others is the mixture of miracle whip and mayo. you know some people like mayo...some like miracle whip. this way everybody is half pleased!! this is another one of my throw together recipes so i have tried my best to give some type of measurements.,small shell pasta mayonnaise miracle whip sweet onion hard-boiled eggs sweet pickle juice sugar colby cheese,8
like money for nuthin    fudge,6,in a medium saucepan  mix together sugar and condensed milk stir constantly over medium-low heat until all sugar is dissolved and mixture begins to boil boil for 6 minutes  then add marshmallows  chocolate chips and margarine line the bottom of cookie sheet or baking pan with wax paper and pour mixture evenly allow to cool completely and cut into squares use an air-tight container to store,"found this one in an old family cookbook. i love recipes like this... easy quick and tastes like a million - for almost nuthin! 

 :)",sugar condensed milk marshmallows milk chocolate chips margarine,5
5 minute bread  pizza,30,1 cover the top of your pizza stone or  if you dont have one  the inside of a cookie sheet with a good dusting of flour 2 pre-heat your oven to 425 degrees f 3 pour 3 tablespoons of evoo into a small bowl 4 cut out a chunk of your 5-minute bread dough  big enough to be the size somewhere in between a baseball and a softball 5 with your fingers flatten the dough to fit on top of your pizza stone or cookie sheet from this point on  the crust will remain on the stone or cookie sheet until the pizza is done 6 with a pastry brush  cover the top of the flattened dough with a thin layer of the olive oil 7 turn the dough over and brush the other side with olive oil 8 partially bake the dough for about 7 minutes and take it out of the oven 9 using a large spoon or a ladle  spread the pizza sauce on top of the partially-baked crust and cover it as evenly as possible to within one inch of the edges 10 distribute the rest of the ingredients all over the top of the pizza sauce be creative  my grandchildren like it when i make smiling faces with the pepperoni  black olives and the peppers 11 cover the top of the pizza completely with the mozzarella all the way to the edge 12 place the pizza stone or cookie sheet in the 425 degree oven and bake for approximately 20 minutes or until the cheese is bubbly and the edges of the crust have turned a dark  golden brown if the edges are very light  this may mean that the center of the crust is still raw 13 take the pizza out of the oven and place it on a fire-resistant surface let it rest for approximately 10 minutes  slice and enjoy !,"my son recently showed me a recipe for artisan bread that is incredibly tasty and easy to make.  you can find the recipe at http://shoottocook.com/recipes/baking/artisan-bread-in-five-minutes/ .  the name is artisan bread in “five minutes” and you really need to try it it’s great.

using the dough i prepared from that recipe i made my pizza crust and it turned out fantastic!  this is also a great way to experiment use different ingredients and adapt the pizza to your own taste.",extra virgin olive oil black olives white onion red bell pepper pepperoni portabella mushrooms mozzarella cheese pizza sauce,8
almost  starbucks frappuccino,6,in a blender combine coffee with ice cream and chocolate syrup blend until smooth add in sugar and blend slightly until combined place about 1 cup crushed ice in two large tall glasses divide the mixture into the glasses top with a dollup of whipped cream,since i serve this is very large glasses i have listed at two servings you may divide into as many servings as you wish make certain to use very strong coffee for this --- this is very good!,strong coffee chocolate ice cream chocolate syrup sugar ice whipped cream,6
any type  nut butter,4,cream butter in a small bowl with an electric mixer transfer to blender or food processor add remaining ingredients and blend well place butter in plastic wrap and form into a log shape or place in a ramekin and cover tightly,easy to make and very adaptable.  great on canapes breads beef or chicken.,butter nuts salt pepper,4
aww   shucks  crescent dough dessert,14,heat oven to 350 grease one 13x9 inch pan roll out first can of crescent dough into bottom of pan  and slightly up sides beat cream cheese  1 cup of the sugar  and vanilla together spread over crescent dough microwave jam or preserves for 45 seconds  stirring once after twenty five seconds  to make it slightly liquid spread jam on top of cream cheese  taking care not to mix the two together but keeping them layered with your hands  gently stretch second can of crescent dough and place on top of jam layer this does not have to cover perfectly  in fact  open seams here and there look quite pretty with the jam peeking through mix melted butter  remaining 3 / 4 cup sugar  and cinnamon together  making sure to incorporate all the butter gently spoon butter mixture over dough  spreading to cover bake  uncovered  for 35 minutes  until top is browned nicely let it cool for fifteen minutes  cut and serve ! tastes best warm or room temp  but cold is delicious  too,this is a souped up version of another zaar recipe that i played around with until i thought it couldnt get any better.  when i bring this to social gatherings people are so estatic in their compliments that i have to say aw shucks its easy.  hence the name.,crescent roll dough cream cheese sugar vanilla jam butter cinnamon,7
basic  beet borscht,16,cut off beet greens from the beets but leave about an inch or two of the tops on the beets option:mince removed beet tops to add later scrub the beets well in a large pot  add beets and cover with cold water bring the water to a boil and boil this for about 15-25 minutes until the beets are cooked remove the beets from the water save the water from the beets remove the skins from the beets strain thebeet juice into a pot peel and grate the onion grate the beets put the grated onion and beets into the pot with the strained beet juice option:you can add the finely chopped / minced beet tops  if you want to use them bring all to a quick boil add the salt  lemon juice  pepper  and honey  simmer until the honey has dissolved and all is well heated serve  garnished with a dollop of sour cream,a very basic beet borscht recipe. posted in reply to a message board request.,beets water onions salt lemon juice white pepper honey sour cream,8
berinzila   eggplant and ham,10,preheat oven to 350 dg peel eggplants  slice  sprinkle lightly with garlic salt and set aside about 15 minutes on paper towels saute onion in 1 t butter or oil  add ham and wine  and cook until wine nearly evaporates add tomatoes and simmer 10 minutes meanwhile  pat eggplant dry  dust with flour and fry in 2 t butter or oil until golden drain layer eggplant  then a portion of ham mixture  another layer of eggplant  etc in greased casserole dish and cover with parmesan cheese bake at 350 dg for 30 minutes,i was given this recipe years ago by a friend.  i am not sure what country the dish barinzila comes from but hope you enjoy it!,eggplants garlic salt onion butter cooked ham white wine tomatoes flour parmesan cheese,9
better  cake mix,2,add these 3 ingredients to boxed caked mix mix as usual,to make a boxed cake mix even better add these 3 ingredients....it real does make a superior cake!,butter flour baking powder,3
boo tiful  jell o cups,18,add boiling water to gelatin mix in large bowl stir 2 minutes until completely dissolved add ice stir 3 to 5 minutes or until gelatin is thickened remove any unmelted ice whisk in 1 / 3 cup cool whip until blended pour into 4 dessert dishes refrigerate 30 minutes or until firm drop remaining cool whip by spoonfuls onto desserts to resemble ghosts add chocolate chips for the eyes kraft kitchens how to thaw cool whip whipped topping: the best way to thaw frozen cool whip whipped topping is in its container in the refrigerator depending on the size tub you havem the thawing time varies recommended thawing times are: 8-ounce tube - 4 hours 12-ounce tub - 5 hours 16-ounce tub - 6 hours we do not recommend thawing cool whip whipped topping in the microwave,this was so good...everyone loved them.,boiling water orange gelatin ice cubes cool whip topping miniature semisweet chocolate chips,5
call the fire department  hot wings,10,in a bowl  combine flour  cayenne pepper  paprika  salt and pepper mix rinse off wings and coat in flour mixture spray a large baking sheet with non-stick cooking spray and place wings on baking sheet preheat oven to 375f bake wings for 40 minutes  turning once 1 / 2 way through cooking while wings are baking  combine butter  franks hot sauce  and tabasco in a plastic bowl with lid once wings are finished baking  place 8-10 wings in the bowl cover and shake to coat serve with ranch dressing !,my family loves hot wings! after several attempts of trying to re-create the restaurant hot wings i finally came up with this recipe which my whole family seems to approve. my husband thinks they could be hotter but then again he adds red pepper flakes to most of his food. the kids and i think they are hot enough but add even more tabasco if you wish!,chicken drummettes flour cayenne pepper paprika salt pepper unsalted butter cayenne pepper sauce tabasco sauce,9
cheeseburger  cookies and  fries,15,place coconut into a ziploc sandwich bag and drop in several drops of green food coloring roll around in your hands until all the coconut is tinted set aside in a separate bowl  tint some frosting red like ketchup and in another bowl  tint frosting yellow like mustard set frosting aside decide how many cookies you need  unwrap that many peppermint patties and set out twice as many wafter cookies set half the wafer cookies  flat side up  onto a cookie sheet put a small dab of vanilla frosting onto cookie and gently press down a peppermint patty spread some ketchup and some mustard on top of the patty  sprinkle some lettuce on it and then place another cookie on top brush a little honey on the top bun and sprinkle some sesame seeds onto them set aside take triangularly cut sheets of paper and fold them to resemble a french fry bag if you want  use markers first to draw some golden arches and write mc ___ on them then  tape them together and fill with some potato sticks place a cheeseburger and bag of fries on a small paper plate and serve !,i made these every year for our 5 kids to take to school on their birthdays.  other kids and teachers would swarm to see them !  our kids are now teenagers and their old school friends still talk about how cool they are !,vanilla wafer cookies shredded coconut peppermint patties sesame seeds vanilla frosting honey green food coloring red food coloring yellow food coloring potato sticks,10
chic to be greek  salad   from salad creations,3,put your lettuce in serving dish and layer the rest of the ingredients on top also at salad creations  what were known for is our chopped salads usually we would chop this up altogether  and then serve it,this is a greek salad recipe from salad creations. this is the exact ingredients for it very easy and its good! enjoy!,romaine lettuce feta cheese pepperoncini peppers red onion black olives,5
comfort able kamikaze,2,shake for 15 seconds serve straight up or on the rocks  whichever you prefer,good for those uncomfortable aches and pains!,southern comfort triple sec lime juice ice cubes,4
crabby  bread,24,for the body  join 2 rolls together and press into a flat football shape place body on a large sprayed baking sheet with the next roll  cut enough dough off to form 2 small eyes roll each piece into a round ball and place on front of body to secure eyes  stick a small piece of toothpick in each ball and then stick it into the body cut the rest of the roll in half to form 2 arms place each arm to the side of the eyes but before the ends of the body cut another roll in half to form 2 claws then cut each claw off-center almost in half and place at the end of each arm  putting the small part of the claw closest to the body roll the last roll into a 12-inch rope divide rope into 6 equal lengths for the legs arrange 2 legs curving forward and 1 leg curving back on each side tuck legs slightly under the body brush crab with melted butter  cover loosely with plastic wrap and let rise for 30-45 minutes  or til doubled brush crab with beaten egg and sprinkle lightly with paprika bake at 350 for 20 minutes toothpick olive halves onto ends of eyes of dough cut-side facing outward place crab onto lettuce-lined platter place mound of your favorite crab dip between claws surround with decorative shells  crackers and fresh dill sprigs if desired ! i made this for me and my hubby for a special treat lunch ! i\m allergic to crustaceans  so we had it with my lemon-dilled tuna salad and had a ball ! it was so much fun tearing off the pieces and spreading them with tuna  instead of the plain \ol plain \ol tuna sandwiches ! you could make a nice seafood appetizer platter with this  too ! shrimp cocktail and fried oysters would be a great addtion ! hope ya try it ! :) its really easy ! and fun !,this is so cute!!! place crab onto lettuce-lined platter with mound of your favorite crab dip surround with shells and crackers if desired! great for parties picnics and bbqs!,rhodes frozen rolls toothpick butter egg paprika pimento stuffed olive crab dip cracker fresh dill sprig,9
cream of whatever  soup,8,in a small saucepan over medium heat  melt butter add minced garlic and saute 1 minute add flour and stir quickly  forming a paste and mixing well slowly add milk a little at a time  while stirring constantly to avoid scalding once milk is added and mixed well  reduce heat to medium-low and add herbs add salt / pepper to your liking turn off the heat and let the soup simmer for a couple of minutes  stirring occasionally use as a soup base or pour into your casserole,a healthy budget-friendly substitute for canned cream soup.  takes just minutes to whip up--perfect to use in casseroles or as a base for homemade soups stews etc.  its so versatile; use as is or add celery seed for cream of celery a jar of mushrooms for cream of mushroom or chicken bouillon for cream of chicken. enjoy!,butter flour garlic clove milk onion powder salt pepper dried thyme dried parsley,9
creamy  fiddlehead soup,10,in a large heavy bottom saucepan  saut onion in butter or oil until soft but not brown  about 5 minutes add potatoes  fiddleheads  bay leaf  and enough chicken stock to make the vegetables just swim bring to a boil  reduce heat  and barely simmer  partially covered  for one hour remove from heat and cool slightly remove bay leaf in a blender  process mixture in batches return mixture to saucepan and slowly bring to a simmer  stirring frequently add milk  a little at a time  until it reaches the consistency you like add salt and pepper to taste serve in heated soup bowls  garnish as desired,this is a tasty springtime soup that is so delicious we love fiddleheads here  and its nice to have a few different recipes to use them.  the soup is very good.,onion butter chicken stock potatoes fiddleheads bay leaf salt and pepper milk yogurt lemon rind,10
dirty  broccoli,7,microwave broccoli spears and water  covered  for 5 minutes on high drain and set aside while the broccoli is cooking  heat the oil in a large skillet over medium-high heat add the garlic and cook for 1 minute add the bread crumbs  oregano  salt  and pepper cook  stirring until the crumbs are toasted and golden brown -- about 2 minutes add the broccoli and toss to coat with bread crumbs,from the recipe book the food you crave,broccoli water olive oil garlic cloves plain breadcrumbs dried oregano salt fresh ground black pepper,8
duffins   donut muffins,15,preheat oven to 375 degrees f line 2 12-cup muffin tins with paper liners spray lightly with non-stick spray combine butter and applesauce add sugar and beat for 1-2 minutes  until fully incorporated beat in egg whites and whole egg for another 2 minutes mix in vanilla and buttermilk stir in flour  baking powder  salt  nutmeg  and baking soda until combined be careful not to overmix when adding the dry ingredients or muffins will be tough scoop batter into prepared muffin tins  about two thirds full bake muffins for 13-15 minutes  or until batter starts to pull away from the liners and tops spring back when poked while muffins are baking  mix 1 / 4 cup sugar and cinnamon sprinkle tops of muffins with cinnamon sugar right after removing them from the oven cool for 2 minutes in pan  then remove to cooling rack refrigerate,this recipe is a cross between a donut and a muffin. baked not fried using wholesome ingredients it is actually a smart start to your day!,white whole wheat flour baking powder salt nutmeg baking soda low-fat buttermilk butter unsweetened applesauce granulated sugar egg whites egg vanilla cinnamon,13
extraordinary  macaroni and cheese,14,melt butter in 4-qt saucepan over med heat add onions and saute until transparent stir in flour and salt cook 1 minute stirring constantly add milk  stir to blend add tomatoes  juice and all bring to a low  steady simmer add uncooked pasta cover and continue to simmer gently for about 8 to 10 minutes  stirring occasionally remove from heat add cheese stir gently until cheese is melted let sit 5 minutes fefore serving for an italian twist try substituting the cheddar cheese with 1 cup fontina cheese and 1 / 2 cup of freshly grated parmesan cheese,easy and versitile mac and cheese recipe.  i adapted this from a recipe i found on the back of a box of elbows. i especially like that you dont cook the pasta in advance.,small shell pasta butter onion all-purpose flour salt milk cheddar cheese tomatoes,8
faux  sourdough,4,all ingredients should be at room temperature before starting add the ingredients to the pan in the order listed select white bread press start,while this doesnt have the authentic sourdough flavor it still makes a tasty loaf!,yeast bread flour sugar baking soda sour cream vinegar milk,7
fooled me  flourless peanut butter cookies,16,beat egg add splenda  dark brown sugar  baking powder and vanilla beat with a fork until free of lumps add both peanut butters to the egg / sugar mixture beat with a fork until well combined -- about 40 strokes refrigerate dough for 30 minutes preheat oven to 350 degrees f cover 11x17 baking sheet with parchment paper divide chilled dough into fourths from each fourth  shape 4 balls of dough space balls of dough evenly on prepared baking sheet flatten dough slightly with tines of fork make a second set of tine marks at a 90-degree angle to the first set bake cookies for 9-10 minutes let cool for two minutes on baking sheet  then transfer cookies to wire rack to complete cooling enjoy !,"after tasting similar cookies at a picnic we excitedly left with our friends recipe.  we were intrigued by the technique but determined to eliminate that odd aftertaste which so often results from using splenda in baked goods.  we also wanted the finished cookie to be a bit less dry and crumbly.   a few tweaks later we enjoyed a terrific batch of gluten-free peanut butter cookies which could stand up against the best of traditional-method cookies.   these quick cookies freeze well if you want (need) to reserve them for portion control.   and with only 3 tablespoons of real sugar divided across 16 cookies one (or two!) a day wont wreck your south beach or diabetic menu plan.
we are usually tempted to double the vanilla in any recipe but here the small amount of vanilla adds a depth of flavor without interfering with the rich peanut taste.
please note that the 5 minute preparation time does not include the 30 minutes this dough needs to rest in the refrigerator.",natural-style peanut butter crunchy peanut butter egg splenda sugar substitute dark brown sugar gluten free baking powder vanilla,7
from the field  balsamic vinaigrette,6,mince herbs measurements are approximate use appropriate amount to match your taste combine vinegars and mustard gently whisk in oil add rest of ingredients and mix well,from a great cooking class i took in morton illinois.,red wine vinegar balsamic vinegar dry mustard canola oil fresh sage fresh basil fresh dill salt pepper,9
gilded  zucchini,5,wash and peel the zucchini and cut into long strips season with salt and pepper mix the eggs  milk and salt  dip the zucchini strips into the mixture and then roll in the breadcrumbs saute until crisp on the outside but not overcooked  about 2-3 minutes serve,tested recipes from the graubunden by the chur chapter of the swiss womens institutes.  submitted for zwt7.  a lovely vegetarian dish.,zucchini salt eggs milk breadcrumbs oil,6
goulash    heart healthy version,7,cook macaroni until al dente  drain and reserve brown ground turkey add onion and garlic powder  cook until onion is translucent add tin of tomatoes  with their juices return cooked macaroni to pot  heat through add cheez whiz  stir until melted season with salt and pepper  to taste,here is a lighter version of my much loved goulash recipe.,ground turkey whole wheat elbow macaroni onion light cheese whiz garlic powder diced tomatoes salt and pepper,7